id,total_sales
row_00009,2846.70166015625
row_00015,4413.01318359375
row_00019,2902.354736328125
row_00020,3277.48583984375
row_00023,2504.126220703125
row_00026,385.7913818359375
row_00027,3952.61328125
row_00033,3199.91845703125
row_00034,350.5316467285156
row_00037,2049.12890625
row_00041,2129.197509765625
row_00042,1458.092529296875
row_00045,1311.515869140625
row_00049,2004.499755859375
row_00056,3140.086669921875
row_00057,2131.716552734375
row_00060,888.875732421875
row_00079,3457.2548828125
row_00082,3907.50390625
row_00085,2373.484619140625
row_00091,1007.742431640625
row_00104,2383.670166015625
row_00105,989.2984008789062
row_00109,1692.5556640625
row_00115,704.7462768554688
row_00117,516.7418212890625
row_00119,3100.4130859375
row_00120,2066.09326171875
row_00123,1031.0479736328125
row_00125,1775.974609375
row_00130,507.52972412109375
row_00132,1947.3004150390625
row_00134,1882.545654296875
row_00139,3890.873046875
row_00141,4169.603515625
row_00144,2399.86767578125
row_00162,2400.511962890625
row_00189,656.0318603515625
row_00192,3151.853271484375
row_00202,3440.980712890625
row_00203,2784.613525390625
row_00208,1416.726806640625
row_00210,3075.223876953125
row_00220,1989.9232177734375
row_00235,1978.519775390625
row_00236,1679.47021484375
row_00247,190.86981201171875
row_00249,628.6431274414062
row_00252,4202.10302734375
row_00254,2352.25927734375
row_00256,4004.031982421875
row_00260,3101.487060546875
row_00265,752.3464965820312
row_00266,1621.208251953125
row_00269,2863.72265625
row_00283,1409.2073974609375
row_00288,976.2601318359375
row_00293,1597.4334716796875
row_00296,282.6259765625
row_00298,277.0746765136719
row_00301,1381.09375
row_00305,2905.29296875
row_00322,557.7021484375
row_00323,2419.791748046875
row_00325,2342.9296875
row_00327,3829.634765625
row_00336,2078.0546875
row_00337,4086.703857421875
row_00341,2051.12353515625
row_00345,3434.670166015625
row_00353,1469.7607421875
row_00354,1903.671142578125
row_00363,2291.23193359375
row_00368,5830.236328125
row_00370,3758.426513671875
row_00373,1996.295654296875
row_00374,1685.3245849609375
row_00375,1387.3680419921875
row_00377,3030.37841796875
row_00385,887.4071655273438
row_00389,2318.073974609375
row_00391,759.9573974609375
row_00404,157.3777313232422
row_00405,2704.123779296875
row_00407,4158.697265625
row_00415,3075.030029296875
row_00416,2601.86474609375
row_00423,472.9070129394531
row_00430,2544.39306640625
row_00431,1975.36474609375
row_00435,1273.9931640625
row_00437,2238.696533203125
row_00438,531.9895629882812
row_00439,3789.941162109375
row_00441,2737.12548828125
row_00447,169.14007568359375
row_00448,1980.95166015625
row_00449,678.572998046875
row_00460,156.72303771972656
row_00465,1675.1888427734375
row_00472,1401.240966796875
row_00476,583.3667602539062
row_00478,3995.187744140625
row_00480,270.614990234375
row_00485,3699.113525390625
row_00488,784.4317626953125
row_00498,3490.4794921875
row_00499,2876.65380859375
row_00500,4102.85693359375
row_00504,1912.535400390625
row_00508,1837.3798828125
row_00518,289.2190856933594
row_00519,1138.87109375
row_00520,1613.783447265625
row_00525,1451.1885986328125
row_00526,2528.953857421875
row_00530,2543.39501953125
row_00531,3805.916015625
row_00534,1752.893310546875
row_00538,1050.5960693359375
row_00543,267.2549133300781
row_00551,550.2408447265625
row_00555,893.2269897460938
row_00559,2537.487548828125
row_00561,3140.2470703125
row_00569,3156.95166015625
row_00572,268.7308044433594
row_00577,3268.9453125
row_00580,3730.663330078125
row_00584,4980.02197265625
row_00585,3457.210693359375
row_00591,1987.047119140625
row_00601,4872.03466796875
row_00603,2591.62646484375
row_00613,3135.945068359375
row_00618,1398.125
row_00620,3510.581298828125
row_00622,1939.756103515625
row_00623,1185.8494873046875
row_00632,1359.91015625
row_00635,1475.626220703125
row_00637,688.7416381835938
row_00638,708.4495849609375
row_00640,2922.21240234375
row_00641,267.96234130859375
row_00646,3970.77197265625
row_00649,2116.0185546875
row_00656,2005.6632080078125
row_00659,700.6917114257812
row_00661,4892.193359375
row_00662,1765.44775390625
row_00663,2066.412109375
row_00667,2266.593505859375
row_00670,369.2305603027344
row_00673,1232.856689453125
row_00674,4495.36181640625
row_00681,2677.28369140625
row_00683,1619.751953125
row_00684,3808.9814453125
row_00689,2352.988525390625
row_00690,290.2670593261719
row_00698,1509.3043212890625
row_00700,2051.06640625
row_00702,3472.09228515625
row_00704,3118.6552734375
row_00705,290.8952941894531
row_00710,1633.2979736328125
row_00711,649.12646484375
row_00714,3031.107666015625
row_00716,794.7119750976562
row_00720,3119.7158203125
row_00721,2461.02880859375
row_00723,668.730712890625
row_00730,1865.3353271484375
row_00732,1611.2579345703125
row_00733,6022.88818359375
row_00741,4383.85302734375
row_00753,3790.00341796875
row_00755,236.34275817871094
row_00760,3030.391845703125
row_00764,1583.7374267578125
row_00770,1519.6436767578125
row_00771,5389.478515625
row_00774,3261.288818359375
row_00783,332.4134521484375
row_00796,192.12057495117188
row_00804,2123.9130859375
row_00808,3909.494873046875
row_00812,641.0897216796875
row_00814,1862.2430419921875
row_00815,1429.1187744140625
row_00819,3249.328369140625
row_00825,1429.5264892578125
row_00826,2166.6904296875
row_00832,256.2250671386719
row_00835,3280.105224609375
row_00840,714.2630004882812
row_00844,4609.4423828125
row_00845,800.5667114257812
row_00851,911.6636962890625
row_00856,1278.755615234375
row_00868,440.9718933105469
row_00874,1802.7652587890625
row_00875,1288.3619384765625
row_00880,1680.26806640625
row_00882,746.4105834960938
row_00884,827.6083984375
row_00891,4123.68798828125
row_00899,2271.670166015625
row_00905,1538.14404296875
row_00906,3333.12548828125
row_00914,2297.016845703125
row_00924,1031.3533935546875
row_00946,3481.84375
row_00947,1588.8533935546875
row_00948,1386.0643310546875
row_00963,2408.987548828125
row_00977,3291.7734375
row_00980,2771.026123046875
row_00981,273.1531677246094
row_00984,5731.7548828125
row_00996,2311.881591796875
row_00997,395.4812316894531
row_00998,2158.845458984375
row_00999,2316.9033203125
row_01001,1956.6824951171875
row_01017,1062.3115234375
row_01025,3970.826171875
row_01026,1454.6082763671875
row_01031,378.3798522949219
row_01032,1355.5882568359375
row_01034,4223.22998046875
row_01043,3768.217529296875
row_01044,2860.993408203125
row_01046,822.4407958984375
row_01050,2727.497314453125
row_01064,2604.9267578125
row_01077,1962.9967041015625
row_01078,2750.6630859375
row_01085,2628.203857421875
row_01090,1563.0281982421875
row_01093,2347.307373046875
row_01104,720.0797729492188
row_01105,867.5142211914062
row_01107,4124.81396484375
row_01108,3069.74462890625
row_01111,1572.8250732421875
row_01115,3927.9560546875
row_01119,3042.23681640625
row_01123,2837.927734375
row_01124,2432.679443359375
row_01126,1524.5870361328125
row_01129,927.1804809570312
row_01145,2503.2978515625
row_01146,1499.705810546875
row_01148,2090.646484375
row_01162,1683.2000732421875
row_01165,1760.224365234375
row_01178,1490.59912109375
row_01183,278.8990783691406
row_01190,2107.509765625
row_01191,2995.570556640625
row_01192,2761.423095703125
row_01197,1402.59423828125
row_01202,3825.997802734375
row_01205,1280.218505859375
row_01207,3476.7529296875
row_01209,1003.5463256835938
row_01211,2072.455810546875
row_01212,2321.21728515625
row_01213,2039.93359375
row_01215,1787.6014404296875
row_01237,1251.7237548828125
row_01246,1476.239990234375
row_01254,1546.0093994140625
row_01263,565.200927734375
row_01266,2985.8408203125
row_01268,171.56930541992188
row_01277,2958.208740234375
row_01293,2490.90234375
row_01294,2300.7724609375
row_01295,275.8926086425781
row_01300,6214.55126953125
row_01304,2840.410400390625
row_01311,2377.32177734375
row_01314,1271.9705810546875
row_01315,333.4713439941406
row_01330,1411.042236328125
row_01332,3049.855224609375
row_01334,3133.168212890625
row_01345,909.3526000976562
row_01350,3042.485107421875
row_01355,2626.460693359375
row_01356,3620.11376953125
row_01357,866.0068359375
row_01362,1764.5086669921875
row_01368,4393.8681640625
row_01375,1736.4476318359375
row_01380,878.9113159179688
row_01390,472.89617919921875
row_01396,3820.299560546875
row_01397,2756.531494140625
row_01404,3156.6357421875
row_01407,2288.764892578125
row_01412,2658.184814453125
row_01418,1434.411376953125
row_01424,1003.2169799804688
row_01433,3382.88525390625
row_01436,2665.80859375
row_01443,368.34442138671875
row_01456,3149.56591796875
row_01465,2066.089111328125
row_01475,1764.6492919921875
row_01478,2653.70361328125
row_01494,589.7990112304688
row_01497,482.97198486328125
row_01499,2102.12451171875
row_01501,925.0260009765625
row_01508,3766.656005859375
row_01513,5967.78955078125
row_01532,3431.875
row_01534,2852.46044921875
row_01540,2405.6279296875
row_01552,3863.02685546875
row_01553,1613.349365234375
row_01563,278.3418884277344
row_01564,3777.40576171875
row_01565,2683.819091796875
row_01567,366.2928161621094
row_01572,356.79327392578125
row_01573,3340.00390625
row_01576,1909.126953125
row_01577,848.6581420898438
row_01583,2274.07861328125
row_01586,2230.88916015625
row_01594,4518.9599609375
row_01596,2722.074951171875
row_01598,3749.55224609375
row_01605,551.0072631835938
row_01616,3735.4365234375
row_01621,3005.1259765625
row_01624,4009.752685546875
row_01625,1516.900146484375
row_01626,1448.1319580078125
row_01630,1406.4151611328125
row_01639,574.3768310546875
row_01641,2090.216796875
row_01643,2784.896484375
row_01648,1383.30224609375
row_01654,230.24766540527344
row_01655,638.8836059570312
row_01656,3980.522705078125
row_01659,3203.018310546875
row_01664,802.6304931640625
row_01666,720.6962280273438
row_01687,1787.83447265625
row_01689,1447.7418212890625
row_01693,969.311767578125
row_01698,3127.251953125
row_01700,2072.88818359375
row_01701,2201.923828125
row_01702,676.5797119140625
row_01714,5786.158203125
row_01725,4137.23486328125
row_01743,2017.5484619140625
row_01750,3755.623291015625
row_01762,264.3018493652344
row_01770,3114.332275390625
row_01773,1366.5765380859375
row_01782,2033.87109375
row_01784,2735.211181640625
row_01790,3389.427490234375
row_01792,2830.182861328125
row_01801,3524.722412109375
row_01802,2667.82470703125
row_01805,160.5339813232422
row_01808,681.8245849609375
row_01822,1855.9139404296875
row_01826,683.9613037109375
row_01829,3330.798095703125
row_01836,2746.46728515625
row_01839,554.6473388671875
row_01840,1748.123046875
row_01844,2041.9591064453125
row_01845,3786.869140625
row_01853,937.764892578125
row_01862,1477.8746337890625
row_01872,684.5152587890625
row_01882,2396.218505859375
row_01886,1639.8817138671875
row_01888,2432.0478515625
row_01895,2628.953369140625
row_01911,1481.0015869140625
row_01915,1937.537109375
row_01926,3052.180908203125
row_01932,4809.72509765625
row_01946,1621.7860107421875
row_01952,2342.7587890625
row_01961,2133.90771484375
row_01973,301.31817626953125
row_01982,2526.349609375
row_01983,792.1260986328125
row_01991,2071.636474609375
row_01993,1929.4521484375
row_01994,5243.2275390625
row_01995,2484.096435546875
row_01998,2449.6220703125
row_01999,294.1735534667969
row_02005,2683.396484375
row_02011,2140.93505859375
row_02015,3965.2529296875
row_02016,1828.4525146484375
row_02018,3583.62548828125
row_02055,2543.715087890625
row_02056,1355.0745849609375
row_02059,534.1433715820312
row_02068,1774.914306640625
row_02069,2440.57470703125
row_02076,356.5744934082031
row_02079,467.8138122558594
row_02083,631.2769165039062
row_02086,3800.268798828125
row_02095,287.0430908203125
row_02098,4759.56884765625
row_02100,4924.4169921875
row_02103,5155.60009765625
row_02106,3005.04541015625
row_02107,4255.11865234375
row_02112,4238.7119140625
row_02118,3698.51318359375
row_02126,2825.663330078125
row_02127,2380.09765625
row_02130,2505.66357421875
row_02133,2628.242919921875
row_02146,1055.2191162109375
row_02147,3061.9462890625
row_02152,3756.76123046875
row_02153,3728.7861328125
row_02162,6018.1064453125
row_02164,3980.645263671875
row_02170,2367.43359375
row_02193,326.5963134765625
row_02195,1630.4659423828125
row_02199,4191.01416015625
row_02203,4867.4384765625
row_02210,408.61761474609375
row_02211,3398.923583984375
row_02213,3119.636962890625
row_02215,2515.556884765625
row_02218,4269.36962890625
row_02225,1751.8890380859375
row_02230,1423.15380859375
row_02235,496.7446594238281
row_02238,779.2638549804688
row_02239,2549.73583984375
row_02240,320.3633117675781
row_02257,2575.605712890625
row_02259,2107.671142578125
row_02262,3166.32568359375
row_02272,1403.671875
row_02274,2764.0087890625
row_02279,1436.0069580078125
row_02280,666.13232421875
row_02283,1215.1204833984375
row_02287,5663.408203125
row_02294,3959.046875
row_02303,3147.0400390625
row_02310,230.52023315429688
row_02313,1398.26318359375
row_02316,255.2935791015625
row_02319,2527.292236328125
row_02322,1692.28173828125
row_02323,304.1540222167969
row_02327,609.3120727539062
row_02332,1671.9222412109375
row_02333,643.5819702148438
row_02339,3098.750244140625
row_02344,1955.64453125
row_02346,499.4221496582031
row_02351,1994.702880859375
row_02356,2080.390869140625
row_02357,2568.802490234375
row_02361,1420.0987548828125
row_02363,3743.4326171875
row_02364,3081.957275390625
row_02370,3320.166259765625
row_02372,2596.6767578125
row_02374,224.00758361816406
row_02383,875.0400390625
row_02385,262.1348571777344
row_02393,652.768310546875
row_02403,1077.0400390625
row_02411,1855.845947265625
row_02413,721.2326049804688
row_02416,1301.0362548828125
row_02417,2480.1962890625
row_02418,2752.996826171875
row_02419,1467.5906982421875
row_02432,2088.078857421875
row_02441,2386.2744140625
row_02442,2571.671875
row_02443,5734.8955078125
row_02444,3893.646484375
row_02445,3299.390380859375
row_02448,564.8740844726562
row_02454,2338.849609375
row_02455,3544.8515625
row_02462,498.0557861328125
row_02469,881.9221801757812
row_02478,279.5806884765625
row_02482,5191.341796875
row_02497,3127.1865234375
row_02500,665.430419921875
row_02502,3381.923583984375
row_02504,1580.1268310546875
row_02508,1095.7122802734375
row_02512,4016.2041015625
row_02514,3292.202880859375
row_02519,3337.2705078125
row_02520,3276.579833984375
row_02522,469.70147705078125
row_02523,253.4111785888672
row_02530,1782.166748046875
row_02531,286.3290710449219
row_02534,3740.346923828125
row_02536,4467.8466796875
row_02537,2719.930419921875
row_02547,3377.90966796875
row_02558,1663.97998046875
row_02569,3733.909912109375
row_02577,2292.763671875
row_02581,2124.51318359375
row_02582,3044.837646484375
row_02584,489.9800720214844
row_02606,353.6424865722656
row_02607,1429.3951416015625
row_02612,1086.7943115234375
row_02613,2293.679443359375
row_02621,603.2622680664062
row_02623,2327.103759765625
row_02627,2085.67626953125
row_02628,3709.3388671875
row_02632,2051.7275390625
row_02646,3961.419677734375
row_02648,1573.712646484375
row_02650,2090.391357421875
row_02656,410.40045166015625
row_02659,698.093994140625
row_02669,1074.003173828125
row_02670,250.48866271972656
row_02672,709.563720703125
row_02674,4720.25146484375
row_02675,4113.208984375
row_02691,1778.3609619140625
row_02700,444.9046630859375
row_02705,523.7781372070312
row_02709,3922.1328125
row_02712,2881.947998046875
row_02714,4638.51171875
row_02716,2555.15234375
row_02726,2214.362060546875
row_02738,522.2176513671875
row_02757,688.59619140625
row_02758,3726.094970703125
row_02768,4229.2802734375
row_02772,654.7516479492188
row_02773,3086.293701171875
row_02776,2839.347900390625
row_02778,1395.6990966796875
row_02782,3589.401123046875
row_02786,2512.472900390625
row_02796,749.29052734375
row_02797,3312.224853515625
row_02800,3951.248779296875
row_02801,3391.765380859375
row_02807,3058.18798828125
row_02816,6043.4541015625
row_02824,5163.05078125
row_02833,2094.323486328125
row_02834,1947.33251953125
row_02837,1636.2100830078125
row_02839,3774.6337890625
row_02846,3684.60400390625
row_02848,4239.703125
row_02849,2466.657958984375
row_02852,1720.734619140625
row_02854,377.7851257324219
row_02855,4029.236572265625
row_02858,3891.738525390625
row_02863,4394.30810546875
row_02875,1984.9483642578125
row_02879,393.8424987792969
row_02883,1473.7520751953125
row_02884,2435.03076171875
row_02885,328.7027587890625
row_02886,1354.4246826171875
row_02890,5178.00927734375
row_02892,5248.44384765625
row_02901,1110.15625
row_02903,2996.175048828125
row_02906,3231.6904296875
row_02908,1275.376708984375
row_02909,2974.93408203125
row_02919,1262.14306640625
row_02925,1678.039306640625
row_02929,2325.77099609375
row_02934,5481.1513671875
row_02939,2944.013671875
row_02940,1200.53515625
row_02943,1870.555908203125
row_02951,1927.408935546875
row_02953,1520.52880859375
row_02957,3202.562255859375
row_02962,629.9293823242188
row_02964,4301.53564453125
row_02965,2283.153076171875
row_02968,1841.6712646484375
row_02977,316.55926513671875
row_02980,3018.334716796875
row_02997,3731.24658203125
row_03001,1903.3111572265625
row_03003,2392.520263671875
row_03004,2661.302490234375
row_03006,1721.9285888671875
row_03019,5148.615234375
row_03025,5709.85302734375
row_03026,3171.398193359375
row_03039,2075.559326171875
row_03046,1715.213134765625
row_03057,1657.7071533203125
row_03059,1546.46484375
row_03074,1725.7420654296875
row_03082,3258.660400390625
row_03091,2315.63134765625
row_03092,1452.5494384765625
row_03100,686.0909423828125
row_03103,260.6644592285156
row_03104,3069.6796875
row_03113,2586.148681640625
row_03125,2906.772216796875
row_03126,1327.5672607421875
row_03131,1760.8115234375
row_03132,5577.56494140625
row_03147,4193.44677734375
row_03159,2657.50732421875
row_03161,1203.1368408203125
row_03165,3234.542724609375
row_03169,577.30908203125
row_03175,1952.5467529296875
row_03184,2603.793701171875
row_03187,1881.07958984375
row_03192,2447.828857421875
row_03196,1530.157958984375
row_03202,2745.0341796875
row_03207,4237.017578125
row_03208,1254.9957275390625
row_03212,2855.33154296875
row_03218,3419.958984375
row_03223,1685.446044921875
row_03226,1194.88623046875
row_03229,1465.815673828125
row_03230,3299.020751953125
row_03233,1522.206787109375
row_03236,547.6091918945312
row_03239,626.7755126953125
row_03246,3789.64306640625
row_03253,2583.62451171875
row_03259,2565.14453125
row_03262,1791.2781982421875
row_03267,481.0132141113281
row_03273,490.1014404296875
row_03282,624.0540161132812
row_03283,310.5575866699219
row_03286,1728.8980712890625
row_03288,2935.03759765625
row_03290,3995.862548828125
row_03292,2536.411376953125
row_03295,315.05377197265625
row_03305,2453.2763671875
row_03306,2470.92431640625
row_03320,3678.3701171875
row_03324,310.0898742675781
row_03327,4024.45751953125
row_03329,503.1728820800781
row_03338,2470.32958984375
row_03344,2425.08935546875
row_03350,1180.0390625
row_03351,4039.80078125
row_03354,2058.938720703125
row_03362,4296.28515625
row_03373,4453.69189453125
row_03374,2031.5506591796875
row_03380,224.24037170410156
row_03382,1546.5963134765625
row_03386,1906.4273681640625
row_03388,1561.60595703125
row_03394,1677.0107421875
row_03399,4025.29296875
row_03402,3208.736328125
row_03408,1474.7916259765625
row_03431,3014.968505859375
row_03432,3204.591064453125
row_03440,1479.180419921875
row_03444,2626.1630859375
row_03448,3660.6376953125
row_03454,2433.03369140625
row_03458,3982.3359375
row_03459,688.7683715820312
row_03464,414.213134765625
row_03475,2645.4736328125
row_03485,3104.322998046875
row_03489,578.2169189453125
row_03490,3195.85546875
row_03493,2736.157958984375
row_03495,1837.522216796875
row_03511,3396.052734375
row_03517,2381.716064453125
row_03520,2809.571044921875
row_03522,2275.5703125
row_03526,3408.22509765625
row_03529,363.91748046875
row_03532,2928.9775390625
row_03537,3190.864013671875
row_03539,4392.86962890625
row_03540,1837.74169921875
row_03547,3309.560302734375
row_03550,2996.532470703125
row_03551,345.83087158203125
row_03557,2323.601318359375
row_03560,734.1539306640625
row_03561,3428.385986328125
row_03562,3095.58251953125
row_03566,4597.6357421875
row_03567,2872.2783203125
row_03572,928.0320434570312
row_03583,360.2237548828125
row_03584,4118.423828125
row_03593,3505.084228515625
row_03604,6333.05615234375
row_03620,3153.515380859375
row_03631,2558.12060546875
row_03643,1827.7379150390625
row_03647,906.5492553710938
row_03648,766.62646484375
row_03649,747.7804565429688
row_03658,297.4029541015625
row_03664,2071.28515625
row_03673,3661.64013671875
row_03676,1440.4063720703125
row_03680,3145.06103515625
row_03682,719.436279296875
row_03687,697.8949584960938
row_03694,2310.983154296875
row_03708,654.2871704101562
row_03714,3102.609375
row_03715,2284.818603515625
row_03718,1399.56396484375
row_03719,1085.9110107421875
row_03720,3240.732421875
row_03723,318.7039489746094
row_03727,2026.03515625
row_03732,2626.158203125
row_03734,2272.262939453125
row_03736,572.58935546875
row_03742,2644.99072265625
row_03744,948.350830078125
row_03750,2018.5968017578125
row_03755,2580.904541015625
row_03759,1463.8221435546875
row_03768,2666.433837890625
row_03773,655.9354858398438
row_03775,4167.82666015625
row_03779,1610.479736328125
row_03783,1605.23876953125
row_03787,1246.8245849609375
row_03789,3176.240478515625
row_03804,1347.1734619140625
row_03811,2543.890869140625
row_03824,2600.967529296875
row_03829,2444.591552734375
row_03831,1849.3345947265625
row_03834,332.7110595703125
row_03836,1020.8566284179688
row_03839,4244.107421875
row_03847,1485.9937744140625
row_03849,2486.38525390625
row_03854,4171.64794921875
row_03858,1550.296875
row_03859,3952.52685546875
row_03866,261.5163269042969
row_03867,2501.83740234375
row_03871,682.5491333007812
row_03876,328.755126953125
row_03888,1681.84423828125
row_03891,590.5772705078125
row_03903,1894.2684326171875
row_03917,1054.1868896484375
row_03920,2762.370849609375
row_03925,1205.98095703125
row_03926,280.92474365234375
row_03931,1760.267333984375
row_03933,3426.407470703125
row_03934,2671.75244140625
row_03935,2155.124755859375
row_03938,5517.76611328125
row_03940,1191.601318359375
row_03942,1901.4473876953125
row_03945,2584.188232421875
row_03946,3029.441650390625
row_03949,1047.580078125
row_03960,1894.67431640625
row_03962,1098.023193359375
row_03965,291.262451171875
row_03972,2678.09912109375
row_03982,3365.181884765625
row_03987,5787.361328125
row_03991,4389.640625
row_03992,1149.62890625
row_03996,3438.5224609375
row_03998,2591.94775390625
row_04009,2270.204345703125
row_04012,2423.62255859375
row_04024,1495.30810546875
row_04029,1390.1513671875
row_04031,6242.73095703125
row_04033,464.08551025390625
row_04040,1578.85302734375
row_04054,1885.7181396484375
row_04055,1859.359619140625
row_04065,1478.5914306640625
row_04066,353.1065673828125
row_04077,4921.5859375
row_04078,2034.978515625
row_04081,159.52713012695312
row_04084,3141.197509765625
row_04092,1458.4110107421875
row_04094,3051.23291015625
row_04101,1408.984619140625
row_04107,743.7845458984375
row_04112,2136.59765625
row_04120,977.4080810546875
row_04122,3608.53076171875
row_04127,2222.326171875
row_04137,1577.7574462890625
row_04138,624.180419921875
row_04139,1739.4649658203125
row_04145,3683.723388671875
row_04147,2449.638671875
row_04154,455.6214294433594
row_04158,3139.083984375
row_04160,1117.5611572265625
row_04165,3061.89306640625
row_04166,1445.61181640625
row_04175,5069.0556640625
row_04176,1494.83544921875
row_04177,1707.013671875
row_04178,2861.14794921875
row_04179,673.0558471679688
row_04186,3907.9541015625
row_04187,1935.106689453125
row_04189,299.2575988769531
row_04193,3194.29296875
row_04200,481.76654052734375
row_04207,696.9276123046875
row_04226,1357.7249755859375
row_04228,3291.48193359375
row_04229,2962.35888671875
row_04233,2861.40771484375
row_04234,5676.24169921875
row_04242,4114.53857421875
row_04245,853.3432006835938
row_04255,3625.69384765625
row_04259,1248.48876953125
row_04261,4095.489501953125
row_04263,504.341796875
row_04268,5748.123046875
row_04270,3667.80517578125
row_04272,2377.50146484375
row_04273,1463.8363037109375
row_04278,3245.55810546875
row_04281,4118.3037109375
row_04285,2481.760498046875
row_04293,1248.3104248046875
row_04301,352.7234191894531
row_04306,278.464111328125
row_04315,1762.4459228515625
row_04316,269.8761291503906
row_04319,6161.92431640625
row_04320,4120.95263671875
row_04333,2665.391357421875
row_04335,3029.3125
row_04349,1575.038330078125
row_04358,1456.0950927734375
row_04359,551.4678344726562
row_04360,2127.25341796875
row_04365,3139.662353515625
row_04370,1415.74462890625
row_04371,1779.6192626953125
row_04372,2749.096923828125
row_04373,457.6266174316406
row_04374,1645.126708984375
row_04385,1437.4171142578125
row_04386,2010.22412109375
row_04388,3596.94482421875
row_04395,2304.54296875
row_04398,733.0814208984375
row_04400,3272.674072265625
row_04413,2624.375244140625
row_04416,2888.79052734375
row_04419,781.2747192382812
row_04438,1613.4259033203125
row_04441,1700.716064453125
row_04454,1768.155517578125
row_04470,2267.140869140625
row_04471,3581.04541015625
row_04483,3080.288330078125
row_04490,2034.9180908203125
row_04498,2036.1640625
row_04522,1687.0050048828125
row_04529,2783.61865234375
row_04537,1315.7244873046875
row_04538,293.1187744140625
row_04539,643.971923828125
row_04540,2094.16552734375
row_04541,3370.70361328125
row_04542,296.1185302734375
row_04545,926.059814453125
row_04550,2174.93212890625
row_04556,329.3607482910156
row_04559,3676.520263671875
row_04562,3691.771240234375
row_04563,3415.654296875
row_04573,3390.506103515625
row_04574,4327.8115234375
row_04576,615.3417358398438
row_04577,1950.7615966796875
row_04591,1229.716552734375
row_04592,6087.2431640625
row_04597,633.0887451171875
row_04598,362.3166198730469
row_04599,790.87109375
row_04602,2707.042724609375
row_04606,2165.183837890625
row_04608,1791.4176025390625
row_04620,2004.525390625
row_04630,3135.71533203125
row_04631,3983.616455078125
row_04634,4985.513671875
row_04636,285.40252685546875
row_04637,2487.734130859375
row_04638,2378.165283203125
row_04651,2861.42138671875
row_04653,3327.115478515625
row_04656,869.5382080078125
row_04657,1921.744140625
row_04674,3097.099365234375
row_04675,900.5026245117188
row_04686,3399.670166015625
row_04699,3747.48681640625
row_04700,3244.886474609375
row_04704,1736.5618896484375
row_04709,3227.421142578125
row_04710,2785.438720703125
row_04729,1415.560791015625
row_04731,4087.697265625
row_04733,613.814697265625
row_04737,1506.3631591796875
row_04741,1568.95068359375
row_04744,3771.020263671875
row_04745,1360.6356201171875
row_04749,641.9292602539062
row_04757,1206.3463134765625
row_04759,3892.925048828125
row_04769,3267.536865234375
row_04772,1814.647216796875
row_04775,1482.966796875
row_04781,589.0794067382812
row_04783,375.843017578125
row_04784,4084.203857421875
row_04785,698.6433715820312
row_04787,676.1726684570312
row_04796,2362.59033203125
row_04799,1800.5263671875
row_04803,675.2103881835938
row_04814,940.7859497070312
row_04824,1890.618896484375
row_04826,1843.1474609375
row_04831,1983.423828125
row_04841,3091.80908203125
row_04843,2081.663330078125
row_04846,302.1294860839844
row_04852,1562.5733642578125
row_04855,1986.5848388671875
row_04859,644.0931396484375
row_04863,668.0906372070312
row_04881,1468.7611083984375
row_04886,1915.30859375
row_04888,2012.02001953125
row_04889,4006.093994140625
row_04902,575.5987548828125
row_04909,1432.2113037109375
row_04913,1789.594482421875
row_04914,3472.6650390625
row_04929,2921.158447265625
row_04936,1173.4937744140625
row_04937,2988.688232421875
row_04938,1397.151611328125
row_04945,2091.48583984375
row_04955,2318.375244140625
row_04965,2246.71630859375
row_04970,392.0621337890625
row_04974,999.033935546875
row_04976,3387.740966796875
row_04986,2976.100830078125
row_04987,1612.4049072265625
row_04989,4019.141357421875
row_04995,2617.013916015625
row_05004,4067.89599609375
row_05018,900.0674438476562
row_05021,917.539794921875
row_05023,1940.494873046875
row_05025,1549.4388427734375
row_05033,488.89068603515625
row_05034,4060.509765625
row_05035,1820.0279541015625
row_05036,1671.582275390625
row_05045,1539.6107177734375
row_05047,2336.7255859375
row_05051,483.0648193359375
row_05053,1670.0223388671875
row_05054,352.1632995605469
row_05055,785.7520141601562
row_05063,1267.125732421875
row_05103,2562.165283203125
row_05107,235.7313232421875
row_05116,4557.03125
row_05132,3215.513916015625
row_05138,785.4653930664062
row_05140,2578.156005859375
row_05141,1467.940673828125
row_05142,4190.962890625
row_05146,1509.3792724609375
row_05147,4386.50390625
row_05160,3515.103515625
row_05162,1275.06640625
row_05180,1596.562255859375
row_05185,1704.98876953125
row_05191,798.1630249023438
row_05199,818.0894165039062
row_05204,1822.3223876953125
row_05213,1690.9796142578125
row_05215,441.9553527832031
row_05216,1043.195556640625
row_05223,2490.28564453125
row_05229,2433.144775390625
row_05235,2791.559326171875
row_05237,3363.207763671875
row_05239,1836.3604736328125
row_05246,2865.283203125
row_05247,2787.515380859375
row_05254,281.7018737792969
row_05258,4219.23876953125
row_05261,4058.64404296875
row_05262,2715.692626953125
row_05267,3335.600830078125
row_05272,1722.688232421875
row_05287,1962.4024658203125
row_05290,3038.826416015625
row_05296,3311.7041015625
row_05297,634.2260131835938
row_05299,3018.90869140625
row_05302,363.7044372558594
row_05303,1345.9302978515625
row_05305,3042.34033203125
row_05309,1514.6988525390625
row_05312,3865.3837890625
row_05314,1446.3294677734375
row_05331,3783.20068359375
row_05336,1970.6544189453125
row_05342,922.2071533203125
row_05343,1682.557861328125
row_05348,3107.8935546875
row_05349,1175.7327880859375
row_05354,673.9296875
row_05358,1211.8350830078125
row_05359,6132.21240234375
row_05360,330.8445129394531
row_05371,4087.067626953125
row_05377,1391.89111328125
row_05392,2092.123046875
row_05393,722.0460205078125
row_05398,332.27386474609375
row_05401,2436.454833984375
row_05403,584.0066528320312
row_05406,3259.753173828125
row_05408,846.6744995117188
row_05409,2665.8525390625
row_05418,2728.430419921875
row_05419,624.7813110351562
row_05423,664.3623657226562
row_05429,1319.4556884765625
row_05437,721.204345703125
row_05446,2673.78076171875
row_05449,1970.73828125
row_05451,1595.860107421875
row_05454,4371.81591796875
row_05457,2477.854736328125
row_05459,2352.789306640625
row_05462,3612.4462890625
row_05463,1958.124267578125
row_05476,2861.509765625
row_05485,1423.8311767578125
row_05486,1844.392333984375
row_05493,171.8247833251953
row_05504,3666.4091796875
row_05505,2291.87158203125
row_05506,1939.5635986328125
row_05507,639.369384765625
row_05508,657.3848266601562
row_05528,855.2291259765625
row_05530,1710.70703125
row_05546,1222.247314453125
row_05556,2312.13623046875
row_05562,951.6841430664062
row_05563,3204.1142578125
row_05572,1261.1212158203125
row_05580,2611.021240234375
row_05590,1532.8193359375
row_05593,289.2914733886719
row_05594,2602.848388671875
row_05597,1067.5477294921875
row_05601,1402.5599365234375
row_05602,1572.4896240234375
row_05605,1512.4093017578125
row_05623,990.8721923828125
row_05625,271.6063232421875
row_05630,6159.4384765625
row_05640,530.26806640625
row_05644,197.01644897460938
row_05646,1768.5726318359375
row_05655,2647.68115234375
row_05658,4151.3408203125
row_05667,992.9491577148438
row_05679,2631.181884765625
row_05687,1305.0509033203125
row_05695,1385.874755859375
row_05705,3183.63232421875
row_05707,3196.603759765625
row_05711,700.1201782226562
row_05716,3350.470458984375
row_05718,1937.995849609375
row_05725,569.53857421875
row_05728,3294.360595703125
row_05729,4653.703125
row_05732,3549.82080078125
row_05738,2487.73095703125
row_05741,3594.73779296875
row_05742,3247.354248046875
row_05753,347.183349609375
row_05756,2160.11376953125
row_05758,2145.49169921875
row_05763,796.0020751953125
row_05774,178.4195098876953
row_05778,3065.93603515625
row_05781,2496.800537109375
row_05786,363.2058410644531
row_05793,747.5441284179688
row_05796,6200.98583984375
row_05800,497.3670959472656
row_05805,370.2733459472656
row_05806,1446.6763916015625
row_05809,6101.2587890625
row_05816,772.5978393554688
row_05831,3409.54736328125
row_05833,2240.39111328125
row_05836,3941.84375
row_05840,875.029296875
row_05847,358.838134765625
row_05849,418.2964172363281
row_05851,1869.5380859375
row_05864,2354.56640625
row_05870,1347.0662841796875
row_05876,686.7032470703125
row_05877,2852.55712890625
row_05878,903.1265258789062
row_05882,4382.5078125
row_05883,2811.060302734375
row_05893,669.1240234375
row_05910,459.1903991699219
row_05913,3133.309326171875
row_05915,3787.1005859375
row_05916,508.15966796875
row_05925,3484.99365234375
row_05929,2993.717529296875
row_05932,3445.670654296875
row_05935,3841.93115234375
row_05938,947.9437255859375
row_05942,591.5706176757812
row_05950,548.6402587890625
row_05951,302.27349853515625
row_05965,3390.824462890625
row_05970,2407.213134765625
row_05971,1975.392822265625
row_05977,703.77880859375
row_05979,3947.767333984375
row_05980,3983.614990234375
row_05981,3160.554443359375
row_05982,2228.194091796875
row_05986,2625.72314453125
row_05994,1157.0791015625
row_05996,3404.06982421875
row_06000,1424.0543212890625
row_06001,3234.267578125
row_06002,3183.69775390625
row_06012,3062.1748046875
row_06023,1258.166015625
row_06027,1629.515869140625
row_06032,2202.58935546875
row_06045,1287.988037109375
row_06047,2177.534912109375
row_06048,1080.2335205078125
row_06053,2955.15185546875
row_06061,2322.71923828125
row_06063,1628.5921630859375
row_06072,2599.564697265625
row_06076,761.5503540039062
row_06082,3215.207275390625
row_06097,4015.64697265625
row_06098,2056.585205078125
row_06106,645.7840576171875
row_06109,4255.4775390625
row_06115,2419.838134765625
row_06116,353.6756286621094
row_06122,4171.42626953125
row_06124,1817.80908203125
row_06127,261.9579162597656
row_06137,2417.35009765625
row_06142,1658.357421875
row_06144,3775.873779296875
row_06145,1132.4669189453125
row_06146,1376.8714599609375
row_06150,1604.9967041015625
row_06153,1867.9024658203125
row_06156,3789.62060546875
row_06164,3371.941650390625
row_06191,623.564208984375
row_06193,2433.56103515625
row_06194,651.0134887695312
row_06199,2923.537109375
row_06201,278.05816650390625
row_06202,584.8787841796875
row_06212,1181.8055419921875
row_06213,3656.825439453125
row_06218,1667.8140869140625
row_06228,3133.72412109375
row_06231,3135.154541015625
row_06237,1891.1837158203125
row_06239,2842.66064453125
row_06240,2679.5712890625
row_06242,3048.466796875
row_06243,1787.733642578125
row_06248,1812.467529296875
row_06258,1473.68115234375
row_06260,510.5491638183594
row_06263,1460.2802734375
row_06268,3002.110107421875
row_06269,1661.50634765625
row_06279,2788.485595703125
row_06283,651.3871459960938
row_06285,1450.0841064453125
row_06292,2020.0965576171875
row_06295,1944.21435546875
row_06323,2623.857177734375
row_06324,694.5989379882812
row_06326,3481.5927734375
row_06330,695.8505249023438
row_06338,1874.0819091796875
row_06343,696.5473022460938
row_06351,671.0227661132812
row_06352,1440.89111328125
row_06355,3745.418212890625
row_06366,1623.1522216796875
row_06369,960.0786743164062
row_06371,2539.51611328125
row_06399,3068.55517578125
row_06412,2859.943359375
row_06416,1905.890869140625
row_06421,3509.74755859375
row_06424,4345.232421875
row_06431,2376.72021484375
row_06435,2874.8876953125
row_06438,4045.577392578125
row_06444,163.24685668945312
row_06447,4966.92041015625
row_06455,917.1726684570312
row_06462,2354.732421875
row_06463,270.9918518066406
row_06464,3739.153564453125
row_06471,4027.678955078125
row_06475,1685.29150390625
row_06479,1066.304443359375
row_06485,2892.751953125
row_06495,1822.0567626953125
row_06499,389.35028076171875
row_06504,2441.4365234375
row_06505,4051.098388671875
row_06510,2209.194091796875
row_06511,3336.8046875
row_06514,2355.22705078125
row_06516,799.41015625
row_06518,2026.4622802734375
row_06520,270.8928527832031
row_06525,3425.268798828125
row_06528,2195.888916015625
row_06531,1653.8072509765625
row_06534,3453.381591796875
row_06539,1406.2747802734375
row_06541,379.7821960449219
row_06543,2769.07958984375
row_06546,3718.379150390625
row_06552,3859.435791015625
row_06553,3508.196044921875
row_06554,3148.116455078125
row_06559,2821.4765625
row_06563,3744.672119140625
row_06578,2673.302001953125
row_06591,1997.1337890625
row_06594,713.2092895507812
row_06596,3706.7587890625
row_06599,1796.383544921875
row_06600,3956.21484375
row_06602,2964.90185546875
row_06603,359.866455078125
row_06611,2261.729248046875
row_06616,3670.011474609375
row_06617,944.9461059570312
row_06619,6204.8935546875
row_06630,1216.5042724609375
row_06633,2603.139892578125
row_06636,3999.70263671875
row_06645,1830.9639892578125
row_06646,366.0992431640625
row_06647,3133.148193359375
row_06648,3788.96337890625
row_06651,2696.669189453125
row_06660,2819.146728515625
row_06663,845.864013671875
row_06668,2164.275146484375
row_06669,645.7600708007812
row_06671,2423.178955078125
row_06673,5759.66748046875
row_06675,4066.906005859375
row_06677,3713.839599609375
row_06682,4362.23583984375
row_06683,622.1190185546875
row_06684,1015.965087890625
row_06686,560.107177734375
row_06689,2402.442138671875
row_06693,2669.697021484375
row_06696,378.4629821777344
row_06697,1417.947998046875
row_06701,2276.573486328125
row_06710,3584.8623046875
row_06717,3606.224609375
row_06719,3871.424560546875
row_06720,2319.823486328125
row_06722,1822.0711669921875
row_06723,2418.494384765625
row_06735,2338.49951171875
row_06746,1307.3470458984375
row_06748,2681.947265625
row_06750,3451.256591796875
row_06772,4099.533203125
row_06776,4137.08251953125
row_06782,3069.574462890625
row_06785,1196.1488037109375
row_06786,5277.97021484375
row_06805,3779.84130859375
row_06809,2952.33154296875
row_06813,3189.605224609375
row_06817,2704.146728515625
row_06818,673.2501831054688
row_06821,1648.447998046875
row_06825,1446.606201171875
row_06828,6087.4384765625
row_06834,4320.05029296875
row_06838,619.9359741210938
row_06841,473.9570617675781
row_06842,1252.07861328125
row_06852,377.17755126953125
row_06855,653.7137451171875
row_06856,440.3453674316406
row_06866,2753.71435546875
row_06872,2554.853271484375
row_06873,1038.5252685546875
row_06885,2196.48583984375
row_06901,3405.06005859375
row_06902,1607.491943359375
row_06903,747.4264526367188
row_06906,321.6186828613281
row_06907,1082.42626953125
row_06912,1174.81494140625
row_06914,4995.46533203125
row_06915,1932.6287841796875
row_06918,2101.346923828125
row_06920,1523.3245849609375
row_06924,2966.403076171875
row_06929,1356.875
row_06943,615.7822265625
row_06945,1251.87060546875
row_06946,1616.6087646484375
row_06948,3242.8994140625
row_06954,2593.71728515625
row_06955,626.9364013671875
row_06960,1115.37353515625
row_06963,401.3348388671875
row_06966,1351.2420654296875
row_06969,2935.6484375
row_06982,2053.624755859375
row_06997,3086.098876953125
row_07002,2185.541015625
row_07003,3652.1796875
row_07005,2914.302001953125
row_07012,2778.92626953125
row_07017,595.1897583007812
row_07019,2953.564453125
row_07023,2903.91455078125
row_07025,1287.7115478515625
row_07029,4199.14306640625
row_07030,1992.1673583984375
row_07038,1906.186767578125
row_07042,1947.1552734375
row_07043,1821.8978271484375
row_07045,1226.289794921875
row_07048,3095.900146484375
row_07050,401.074951171875
row_07052,3095.35107421875
row_07067,655.42431640625
row_07069,1615.0291748046875
row_07072,2326.195068359375
row_07073,2524.79541015625
row_07075,1804.321533203125
row_07076,3590.631591796875
row_07085,1867.9278564453125
row_07091,309.72900390625
row_07095,215.00592041015625
row_07096,1426.27734375
row_07097,1054.9034423828125
row_07100,3245.88525390625
row_07118,2446.128662109375
row_07120,3537.954833984375
row_07136,2358.126953125
row_07138,2617.480712890625
row_07140,3206.76123046875
row_07142,1294.962646484375
row_07152,487.17303466796875
row_07155,2015.555908203125
row_07170,947.0098876953125
row_07173,751.3585815429688
row_07181,1492.5966796875
row_07196,4159.5576171875
row_07205,1400.3917236328125
row_07206,2603.93603515625
row_07208,3865.034912109375
row_07219,3606.66796875
row_07225,303.7583312988281
row_07228,901.9391479492188
row_07229,790.0993041992188
row_07235,4271.20166015625
row_07239,2609.976318359375
row_07243,1481.141845703125
row_07248,1906.1484375
row_07250,4077.03515625
row_07251,1277.262939453125
row_07258,1322.2412109375
row_07261,341.801513671875
row_07277,3216.746337890625
row_07288,2637.789794921875
row_07292,3299.48486328125
row_07301,932.659912109375
row_07303,2516.05712890625
row_07304,3700.9111328125
row_07315,397.3005065917969
row_07317,5647.4638671875
row_07320,1680.275634765625
row_07324,4091.955810546875
row_07334,1803.037353515625
row_07354,2715.0126953125
row_07356,340.1535949707031
row_07357,168.70306396484375
row_07358,1730.7296142578125
row_07360,2070.86279296875
row_07362,2044.1470947265625
row_07370,967.8170776367188
row_07375,4402.7900390625
row_07380,5186.80859375
row_07394,2686.218994140625
row_07396,3653.28759765625
row_07397,2473.62744140625
row_07402,1601.5303955078125
row_07406,1583.8687744140625
row_07423,3724.549072265625
row_07424,5638.02783203125
row_07431,1776.8048095703125
row_07435,3797.2587890625
row_07439,2873.07373046875
row_07448,837.0359497070312
row_07454,1650.661376953125
row_07460,2854.913330078125
row_07463,1639.1705322265625
row_07464,1038.7344970703125
row_07480,3293.801025390625
row_07491,3155.230712890625
row_07495,1545.4815673828125
row_07496,225.50912475585938
row_07504,1543.27392578125
row_07514,2930.710693359375
row_07515,649.0001220703125
row_07516,2479.832275390625
row_07518,1213.4483642578125
row_07524,2924.92822265625
row_07525,1314.6851806640625
row_07528,3194.1171875
row_07529,239.22254943847656
row_07532,3015.822509765625
row_07534,1538.0233154296875
row_07537,1367.4920654296875
row_07541,1316.3980712890625
row_07546,308.04608154296875
row_07551,4261.6015625
row_07557,1762.9317626953125
row_07571,3453.016845703125
row_07577,1991.8184814453125
row_07580,3186.89697265625
row_07587,984.7437744140625
row_07591,1998.0987548828125
row_07592,710.76318359375
row_07609,2380.499267578125
row_07633,3915.153076171875
row_07634,2378.010498046875
row_07649,2588.322021484375
row_07677,4079.053955078125
row_07683,2004.654541015625
row_07687,1454.8792724609375
row_07697,3166.091064453125
row_07698,1452.473388671875
row_07700,1396.4884033203125
row_07709,3266.674072265625
row_07713,843.64013671875
row_07715,492.3436584472656
row_07726,696.7190551757812
row_07734,3592.942626953125
row_07746,2590.37158203125
row_07748,2948.217529296875
row_07753,3481.2666015625
row_07755,2638.716064453125
row_07759,2278.44482421875
row_07763,4166.734375
row_07771,533.5686645507812
row_07784,1408.15087890625
row_07790,2512.98583984375
row_07796,2758.80810546875
row_07800,1410.591796875
row_07804,3816.772216796875
row_07806,625.9403076171875
row_07808,4090.855224609375
row_07812,1258.9039306640625
row_07819,3974.816650390625
row_07821,4013.584228515625
row_07822,968.0985107421875
row_07823,4286.205078125
row_07825,2060.45849609375
row_07839,3372.6240234375
row_07843,2066.37158203125
row_07847,265.7895202636719
row_07861,3033.853515625
row_07864,777.156494140625
row_07869,1607.015625
row_07870,2160.514404296875
row_07871,2760.046630859375
row_07879,2041.502685546875
row_07886,4059.75634765625
row_07888,2569.635498046875
row_07891,362.5888366699219
row_07893,917.6261596679688
row_07896,1357.6783447265625
row_07899,2380.398193359375
row_07902,3131.78857421875
row_07911,619.2117309570312
row_07912,2051.345458984375
row_07915,1863.772216796875
row_07923,2826.262939453125
row_07935,3095.20654296875
row_07939,2994.609130859375
row_07943,3086.132568359375
row_07950,5869.890625
row_07952,1970.2960205078125
row_07959,1329.1617431640625
row_07960,3205.36328125
row_07966,321.873046875
row_07967,2797.95458984375
row_07969,2336.567626953125
row_07971,875.8717041015625
row_07977,1398.991943359375
row_07981,3349.8583984375
row_07988,1867.7435302734375
row_07991,3840.851318359375
row_07993,1787.8170166015625
row_07994,3977.456298828125
row_07996,606.03369140625
row_08010,3670.764404296875
row_08016,1443.2586669921875
row_08022,3727.423828125
row_08023,3177.56103515625
row_08027,557.0104370117188
row_08029,1697.054931640625
row_08031,2626.69921875
row_08032,376.6788330078125
row_08042,3489.5478515625
row_08048,5137.171875
row_08050,3307.85498046875
row_08055,671.5669555664062
row_08060,2984.047119140625
row_08062,3216.94140625
row_08067,2657.940673828125
row_08072,717.08642578125
row_08073,2206.555419921875
row_08075,3112.219482421875
row_08079,469.5412902832031
row_08081,672.4868774414062
row_08083,697.7777709960938
row_08086,3341.453125
row_08089,266.7704162597656
row_08097,1613.92724609375
row_08101,3477.04833984375
row_08111,2547.851806640625
row_08118,2426.606201171875
row_08121,2637.9501953125
row_08140,1086.5447998046875
row_08142,3074.6767578125
row_08155,1028.568603515625
row_08156,4033.987548828125
row_08158,3524.85986328125
row_08180,4100.19970703125
row_08185,4032.988525390625
row_08191,1944.3563232421875
row_08201,290.24810791015625
row_08204,3255.450439453125
row_08213,716.3270263671875
row_08220,3221.79150390625
row_08225,3189.7392578125
row_08231,4824.8583984375
row_08242,4105.2998046875
row_08245,740.6945190429688
row_08248,284.6304931640625
row_08258,3525.666015625
row_08260,2853.350341796875
row_08264,2763.340087890625
row_08268,3879.4677734375
row_08282,4326.888671875
row_08298,3602.679443359375
row_08300,5302.28466796875
row_08301,1080.5416259765625
row_08306,886.4290771484375
row_08308,3363.763427734375
row_08313,1614.966552734375
row_08320,3132.718505859375
row_08322,308.6108093261719
row_08329,1477.044921875
row_08330,1826.2347412109375
row_08332,829.870849609375
row_08336,658.2763061523438
row_08337,2488.809814453125
row_08340,739.0968017578125
row_08345,2232.630615234375
row_08355,439.0305480957031
row_08357,2897.514404296875
row_08360,2234.25390625
row_08367,1939.6353759765625
row_08373,1860.31396484375
row_08375,1675.6119384765625
row_08382,5963.8095703125
row_08385,2267.34375
row_08386,1411.5244140625
row_08392,2789.576171875
row_08408,3665.953125
row_08413,1861.32080078125
row_08418,5860.97900390625
row_08423,4137.8173828125
row_08450,6237.22802734375
row_08456,1967.8863525390625
row_08458,1235.4544677734375
row_08462,2644.207763671875
row_08464,1165.33837890625
row_08465,448.335205078125
row_08470,3355.31201171875
row_08472,2926.11767578125
row_08477,1251.3515625
row_08479,1396.89453125
row_08481,2797.0888671875
row_08483,2861.58154296875
row_08489,283.1361083984375
row_08491,2733.318603515625
row_08504,4427.8427734375
row_08515,1659.4759521484375
